date,electricity_demand,temperature_celsius,rainfall_mm,is_holiday
2019-01-01,414.34,26.17,1.85,0
2019-01-02,399.36,25.07,12.7,0
2019-01-03,391.19,26.81,8.28,0
2019-01-04,433.55,28.73,5.96,0
2019-01-05,428.43,25.39,2.98,1
2019-01-06,417.23,25.56,6.53,1
2019-01-07,443.44,29.36,1.75,0
2019-01-08,399.71,27.91,5.43,0
2019-01-09,408.87,25.6,4.52,0
2019-01-10,475.9,27.8,0.68,0
2019-01-11,428.24,25.96,5.65,0
2019-01-12,433.41,26.12,1.98,1
2019-01-13,460.03,27.7,9.77,1
2019-01-14,389.23,23.56,6.84,0
2019-01-15,408.9,24.1,1.66,0
2019-01-16,396.8,26.6,9.47,0
2019-01-17,408.01,25.86,12.56,0
2019-01-18,455.73,28.68,4.09,0
2019-01-19,428.0,26.4,4.5,1
2019-01-20,399.16,25.55,8.84,1
2019-01-21,449.82,31.47,11.94,0
2019-01-22,462.68,28.25,0.93,0
2019-01-23,411.33,28.99,1.85,0
2019-01-24,430.58,26.17,3.57,0
2019-01-25,436.01,28.08,3.9,0
2019-01-26,438.6,29.55,8.67,1
2019-01-27,411.02,27.18,11.99,1
2019-01-28,441.64,30.39,12.59,0
2019-01-29,443.81,28.59,0.9,0
2019-01-30,445.62,29.35,2.48,0
2019-01-31,429.01,28.88,3.04,0
2019-02-01,452.72,33.94,2.47,0
2019-02-02,421.28,30.35,6.83,1
2019-02-03,443.77,28.41,7.43,1
2019-02-04,473.09,32.31,5.02,0
2019-02-05,419.15,28.37,4.67,0
2019-02-06,426.59,31.36,3.7,0
2019-02-07,434.24,27.17,4.06,0
2019-02-08,423.92,28.56,14.1,0
2019-02-09,453.52,31.75,8.21,1
2019-02-10,471.95,32.96,3.82,1
2019-02-11,454.56,31.96,4.6,0
2019-02-12,441.35,31.51,6.94,0
2019-02-13,468.03,31.27,1.65,0
2019-02-14,470.6,29.04,5.57,0
2019-02-15,411.95,30.68,7.9,0
2019-02-16,480.62,31.32,7.2,1
2019-02-17,488.87,34.47,2.53,1
2019-02-18,480.69,33.16,2.96,0
2019-02-19,454.98,29.06,0.58,0
2019-02-20,450.64,33.34,8.49,0
2019-02-21,435.36,32.03,18.1,0
2019-02-22,447.43,31.56,2.22,0
2019-02-23,458.39,34.24,10.59,1
2019-02-24,473.92,35.18,17.07,1
2019-02-25,455.91,35.08,3.41,0
2019-02-26,458.6,31.63,4.6,0
2019-02-27,452.3,32.79,6.05,0
2019-02-28,421.78,34.16,7.04,0
2019-03-01,456.5,35.54,6.29,0
2019-03-02,481.34,32.72,3.63,1
2019-03-03,465.22,33.39,7.81,1
2019-03-04,412.54,31.63,3.7,0
2019-03-05,464.23,31.53,6.61,0
2019-03-06,470.87,35.62,4.89,0
2019-03-07,488.98,36.78,0.8,0
2019-03-08,439.58,34.0,11.65,0
2019-03-09,503.0,36.22,3.03,1
2019-03-10,497.64,35.0,12.44,1
2019-03-11,433.6,33.05,10.31,0
2019-03-12,488.78,35.12,5.92,0
2019-03-13,479.03,37.53,7.3,0
2019-03-14,443.28,34.44,7.94,0
2019-03-15,513.1,37.69,4.27,0
2019-03-16,463.86,29.37,4.44,1
2019-03-17,496.31,36.3,7.67,1
2019-03-18,460.48,34.87,4.93,0
2019-03-19,451.49,34.14,3.64,0
2019-03-20,472.2,34.96,2.56,0
2019-03-21,464.42,30.84,6.75,0
2019-03-22,461.49,34.41,2.94,0
2019-03-23,479.26,35.59,9.14,1
2019-03-24,511.77,37.86,9.67,1
2019-03-25,450.4,33.89,7.26,0
2019-03-26,457.55,33.33,8.37,0
2019-03-27,468.38,33.96,7.28,0
2019-03-28,463.5,36.8,8.78,0
2019-03-29,465.8,35.64,8.53,0
2019-03-30,486.6,33.93,6.49,1
2019-03-31,473.32,36.02,10.4,1
2019-04-01,479.42,35.19,4.39,0
2019-04-02,471.21,36.94,2.63,0
2019-04-03,452.8,33.59,2.52,0
2019-04-04,440.96,34.33,3.9,0
2019-04-05,462.09,34.19,0.67,0
2019-04-06,456.22,32.04,5.87,1
2019-04-07,475.68,35.54,8.01,1
2019-04-08,467.29,35.45,9.58,0
2019-04-09,446.72,34.92,1.0,0
2019-04-10,437.29,34.42,2.59,0
2019-04-11,431.01,32.03,8.95,0
2019-04-12,468.29,33.99,4.29,0
2019-04-13,479.11,34.11,7.89,1
2019-04-14,471.16,33.16,1.57,1
2019-04-15,464.86,34.4,12.34,0
2019-04-16,464.66,35.49,1.45,0
2019-04-17,487.48,38.41,5.75,0
2019-04-18,457.53,34.94,5.86,0
2019-04-19,455.57,35.05,3.33,0
2019-04-20,468.44,34.33,7.08,1
2019-04-21,469.51,30.59,7.22,1
2019-04-22,463.64,34.32,6.68,0
2019-04-23,480.11,34.43,3.28,0
2019-04-24,495.74,39.17,2.76,0
2019-04-25,437.64,33.79,3.58,0
2019-04-26,500.38,34.71,2.44,0
2019-04-27,474.01,33.96,10.72,1
2019-04-28,478.16,31.62,3.83,1
2019-04-29,463.93,36.17,5.63,0
2019-04-30,475.37,35.3,8.92,0
2019-05-01,455.42,35.3,2.34,0
2019-05-02,465.43,31.81,1.39,0
2019-05-03,445.65,36.35,2.45,0
2019-05-04,471.23,30.65,6.09,1
2019-05-05,464.9,34.53,5.79,1
2019-05-06,479.04,37.64,6.67,0
2019-05-07,467.06,31.18,4.61,0
2019-05-08,471.49,31.93,0.25,0
2019-05-09,475.18,33.16,4.5,0
2019-05-10,456.56,31.85,9.75,0
2019-05-11,437.42,29.65,11.48,1
2019-05-12,482.15,32.78,5.35,1
2019-05-13,414.53,30.4,5.8,0
2019-05-14,440.92,33.36,7.78,0
2019-05-15,450.65,30.46,11.26,0
2019-05-16,460.6,35.28,5.0,0
2019-05-17,409.01,30.49,7.71,0
2019-05-18,500.34,31.29,3.16,1
2019-05-19,492.4,33.43,1.61,1
2019-05-20,450.68,29.22,3.44,0
2019-05-21,419.33,32.01,13.0,0
2019-05-22,458.8,34.03,7.82,0
2019-05-23,440.71,28.07,1.76,0
2019-05-24,429.14,31.52,8.07,0
2019-05-25,471.35,31.54,1.89,1
2019-05-26,446.49,32.44,6.6,1
2019-05-27,431.6,28.26,2.26,0
2019-05-28,451.06,27.95,1.66,0
2019-05-29,417.39,31.5,14.44,0
2019-05-30,475.45,30.9,3.83,0
2019-05-31,416.33,30.66,7.72,0
2019-06-01,459.3,30.71,5.16,1
2019-06-02,448.59,28.5,2.04,1
2019-06-03,439.85,30.18,4.17,0
2019-06-04,467.19,30.15,2.05,0
2019-06-05,382.37,27.98,21.37,0
2019-06-06,440.75,32.98,8.7,0
2019-06-07,449.85,30.04,5.09,0
2019-06-08,439.3,26.55,7.43,1
2019-06-09,456.45,30.09,8.31,1
2019-06-10,402.2,26.67,8.33,0
2019-06-11,432.91,30.03,8.08,0
2019-06-12,454.71,30.61,7.66,0
2019-06-13,397.5,26.49,5.4,0
2019-06-14,411.57,29.89,13.72,0
2019-06-15,424.57,28.63,5.67,1
2019-06-16,464.06,29.28,5.2,1
2019-06-17,463.3,31.26,5.7,0
2019-06-18,419.3,26.81,6.01,0
2019-06-19,411.04,25.63,1.01,0
2019-06-20,406.44,25.19,2.43,0
2019-06-21,412.15,25.17,4.61,0
2019-06-22,445.95,26.47,0.95,1
2019-06-23,459.22,27.14,5.08,1
2019-06-24,412.28,26.84,5.95,0
2019-06-25,442.31,27.77,1.54,0
2019-06-26,419.33,25.97,2.97,0
2019-06-27,408.66,28.68,11.79,0
2019-06-28,405.44,25.07,7.49,0
2019-06-29,465.02,30.87,7.19,1
2019-06-30,444.59,26.51,10.84,1
2019-07-01,408.14,23.37,2.47,0
2019-07-02,392.72,22.77,1.54,0
2019-07-03,423.77,25.71,9.88,0
2019-07-04,397.72,24.12,4.71,0
2019-07-05,428.22,25.83,2.41,0
2019-07-06,443.49,25.17,1.0,1
2019-07-07,425.67,23.91,5.75,1
2019-07-08,395.05,22.19,4.3,0
2019-07-09,405.24,20.68,3.74,0
2019-07-10,358.72,22.65,0.39,0
2019-07-11,415.27,25.08,13.6,0
2019-07-12,401.94,23.63,1.26,0
2019-07-13,420.75,20.54,4.04,1
2019-07-14,434.35,23.21,3.51,1
2019-07-15,421.18,23.47,7.64,0
2019-07-16,404.75,20.76,1.01,0
2019-07-17,386.89,22.67,7.01,0
2019-07-18,375.96,22.31,5.77,0
2019-07-19,387.8,19.75,2.85,0
2019-07-20,389.87,22.58,6.84,1
2019-07-21,414.56,22.83,5.07,1
2019-07-22,382.66,23.71,15.75,0
2019-07-23,398.51,23.49,4.3,0
2019-07-24,388.69,18.47,2.14,0
2019-07-25,378.28,19.19,7.06,0
2019-07-26,397.0,21.94,3.88,0
2019-07-27,382.53,21.78,5.0,1
2019-07-28,405.6,21.62,1.55,1
2019-07-29,434.92,28.15,7.73,0
2019-07-30,412.43,21.43,3.39,0
2019-07-31,372.26,22.41,6.1,0
2019-08-01,360.58,21.9,18.34,0
2019-08-02,413.58,21.14,4.1,0
2019-08-03,387.6,19.06,8.47,1
2019-08-04,414.99,21.07,4.33,1
2019-08-05,405.15,17.86,2.88,0
2019-08-06,364.4,18.79,12.06,0
2019-08-07,381.8,18.15,0.7,0
2019-08-08,373.37,19.15,10.01,0
2019-08-09,444.0,23.48,0.59,0
2019-08-10,382.95,14.98,9.31,1
2019-08-11,409.94,19.95,5.06,1
2019-08-12,363.97,15.22,2.14,0
2019-08-13,387.79,17.38,3.58,0
2019-08-14,395.43,20.37,8.16,0
2019-08-15,340.43,18.2,17.23,0
2019-08-16,387.12,15.79,1.06,0
2019-08-17,395.17,16.39,2.26,1
2019-08-18,412.86,19.06,1.41,1
2019-08-19,358.77,16.13,4.3,0
2019-08-20,364.56,17.91,9.49,0
2019-08-21,369.36,17.45,1.22,0
2019-08-22,353.66,15.95,4.95,0
2019-08-23,394.25,21.43,9.28,0
2019-08-24,399.12,18.31,3.54,1
2019-08-25,353.31,12.88,5.81,1
2019-08-26,395.74,17.21,11.48,0
2019-08-27,356.41,15.41,1.89,0
2019-08-28,406.53,18.35,0.79,0
2019-08-29,339.98,14.96,6.34,0
2019-08-30,375.04,16.23,6.47,0
2019-08-31,396.45,17.38,3.34,1
2019-09-01,395.01,18.01,2.81,1
2019-09-02,361.68,13.8,5.13,0
2019-09-03,374.46,15.45,1.86,0
2019-09-04,359.54,15.09,1.86,0
2019-09-05,344.19,14.66,8.12,0
2019-09-06,370.04,19.42,1.74,0
2019-09-07,406.05,16.63,0.85,1
2019-09-08,361.75,13.24,2.81,1
2019-09-09,380.89,17.53,3.41,0
2019-09-10,394.24,19.88,7.01,0
2019-09-11,385.26,17.64,3.02,0
2019-09-12,325.98,12.48,12.78,0
2019-09-13,375.43,14.49,5.34,0
2019-09-14,398.66,17.95,2.48,1
2019-09-15,356.13,13.95,6.8,1
2019-09-16,351.53,16.21,12.63,0
2019-09-17,377.01,16.83,7.97,0
2019-09-18,354.52,13.39,1.15,0
2019-09-19,381.29,15.08,3.66,0
2019-09-20,319.82,8.69,6.03,0
2019-09-21,360.47,13.09,7.74,1
2019-09-22,368.7,14.61,4.32,1
2019-09-23,365.51,12.59,3.86,0
2019-09-24,359.52,18.33,15.67,0
2019-09-25,330.15,12.19,8.05,0
2019-09-26,351.19,14.15,6.82,0
2019-09-27,324.08,15.28,3.13,0
2019-09-28,417.47,17.89,1.83,1
2019-09-29,364.3,12.13,6.9,1
2019-09-30,333.21,17.33,8.66,0
2019-10-01,343.3,15.02,4.98,0
2019-10-02,342.75,13.04,8.06,0
2019-10-03,343.53,15.93,8.21,0
2019-10-04,370.84,15.41,9.06,0
2019-10-05,393.16,13.83,1.12,1
2019-10-06,393.81,15.18,3.74,1
2019-10-07,317.97,14.29,7.2,0
2019-10-08,358.25,15.3,5.2,0
2019-10-09,355.21,16.42,8.22,0
2019-10-10,363.55,18.3,6.81,0
2019-10-11,356.3,12.68,0.44,0
2019-10-12,379.24,19.45,10.57,1
2019-10-13,373.08,11.32,3.37,1
2019-10-14,381.58,14.96,2.35,0
2019-10-15,371.92,16.48,10.33,0
2019-10-16,361.87,15.9,7.79,0
2019-10-17,378.07,14.14,11.32,0
2019-10-18,380.04,15.02,6.08,0
2019-10-19,383.59,14.5,3.7,1
2019-10-20,373.44,14.37,5.58,1
2019-10-21,402.62,17.3,1.98,0
2019-10-22,394.24,16.38,1.38,0
2019-10-23,344.66,14.34,2.94,0
2019-10-24,377.03,17.59,13.6,0
2019-10-25,373.65,16.47,3.2,0
2019-10-26,393.12,17.56,0.87,1
2019-10-27,367.79,17.26,4.42,1
2019-10-28,361.75,14.42,3.16,0
2019-10-29,353.62,15.04,10.7,0
2019-10-30,386.55,17.74,12.97,0
2019-10-31,394.96,17.55,3.56,0
2019-11-01,360.95,16.37,6.08,0
2019-11-02,396.62,16.74,6.45,1
2019-11-03,418.51,19.15,4.81,1
2019-11-04,370.5,15.51,4.16,0
2019-11-05,376.18,17.88,2.21,0
2019-11-06,372.99,16.48,0.72,0
2019-11-07,384.15,16.55,2.19,0
2019-11-08,393.27,19.29,4.68,0
2019-11-09,407.4,18.85,1.22,1
2019-11-10,363.68,18.93,5.85,1
2019-11-11,370.23,20.03,5.27,0
2019-11-12,390.82,17.57,3.17,0
2019-11-13,355.05,19.01,4.02,0
2019-11-14,400.54,17.14,1.47,0
2019-11-15,390.3,18.53,8.95,0
2019-11-16,391.65,17.75,8.85,1
2019-11-17,417.1,18.32,1.74,1
2019-11-18,401.58,19.45,1.79,0
2019-11-19,377.54,16.75,2.22,0
2019-11-20,377.98,22.7,7.45,0
2019-11-21,384.8,16.63,6.44,0
2019-11-22,382.36,16.35,10.25,0
2019-11-23,385.96,21.23,11.04,1
2019-11-24,399.8,20.64,1.11,1
2019-11-25,385.61,20.44,7.27,0
2019-11-26,372.07,20.59,10.74,0
2019-11-27,391.8,19.45,3.81,0
2019-11-28,397.43,17.83,4.91,0
2019-11-29,357.19,19.92,4.35,0
2019-11-30,427.5,18.56,4.51,1
2019-12-01,406.1,22.01,8.93,1
2019-12-02,376.67,19.92,15.3,0
2019-12-03,377.88,18.71,12.49,0
2019-12-04,403.82,19.87,3.29,0
2019-12-05,396.24,21.5,6.09,0
2019-12-06,397.86,19.7,2.54,0
2019-12-07,415.49,19.34,2.77,1
2019-12-08,409.21,21.63,4.74,1
2019-12-09,377.18,21.79,2.71,0
2019-12-10,377.81,20.45,3.07,0
2019-12-11,389.88,20.68,5.99,0
2019-12-12,385.06,22.25,7.2,0
2019-12-13,369.39,19.05,7.06,0
2019-12-14,429.27,19.3,7.11,1
2019-12-15,433.95,20.84,1.58,1
2019-12-16,401.14,22.02,2.59,0
2019-12-17,415.96,23.24,5.15,0
2019-12-18,401.53,25.73,10.41,0
2019-12-19,383.22,24.66,20.88,0
2019-12-20,408.07,22.8,6.27,0
2019-12-21,413.29,23.25,8.35,1
2019-12-22,414.18,21.45,1.4,1
2019-12-23,419.93,23.59,8.19,0
2019-12-24,390.58,23.22,17.37,0
2019-12-25,384.09,24.61,2.58,0
2019-12-26,396.09,22.49,3.16,0
2019-12-27,396.79,25.35,9.12,0
2019-12-28,438.23,27.55,5.1,1
2019-12-29,453.84,24.44,0.64,1
2019-12-30,421.8,25.63,3.32,0
2019-12-31,385.19,26.38,12.93,0
2020-01-01,408.11,24.37,4.0,0
2020-01-02,429.1,25.79,3.99,0
2020-01-03,406.96,25.54,8.73,0
2020-01-04,426.87,25.88,6.44,1
2020-01-05,438.89,24.31,3.82,1
2020-01-06,448.71,26.08,2.98,0
2020-01-07,388.26,27.2,27.33,0
2020-01-08,442.82,29.28,11.54,0
2020-01-09,419.43,28.46,7.11,0
2020-01-10,440.1,31.02,7.43,0
2020-01-11,437.25,25.35,4.53,1
2020-01-12,453.0,28.8,6.38,1
2020-01-13,436.21,27.59,4.16,0
2020-01-14,440.3,31.77,2.37,0
2020-01-15,426.27,25.94,6.56,0
2020-01-16,398.02,26.04,3.88,0
2020-01-17,399.77,26.69,6.81,0
2020-01-18,455.57,23.8,7.74,1
2020-01-19,434.02,27.16,7.07,1
2020-01-20,440.82,26.86,2.2,0
2020-01-21,462.56,28.84,3.55,0
2020-01-22,404.3,29.38,3.94,0
2020-01-23,460.32,32.61,9.81,0
2020-01-24,445.38,30.92,9.47,0
2020-01-25,479.25,28.02,2.72,1
2020-01-26,436.86,27.53,1.54,1
2020-01-27,431.06,30.47,21.52,0
2020-01-28,410.14,27.0,6.87,0
2020-01-29,480.4,33.45,1.34,0
2020-01-30,454.71,32.3,3.12,0
2020-01-31,437.12,29.15,10.09,0
2020-02-01,418.3,26.81,18.23,1
2020-02-02,425.23,33.09,16.31,1
2020-02-03,391.34,30.3,6.67,0
2020-02-04,458.84,33.14,5.01,0
2020-02-05,430.12,27.62,2.01,0
2020-02-06,444.04,29.75,5.34,0
2020-02-07,447.15,31.1,2.27,0
2020-02-08,499.68,31.31,3.58,1
2020-02-09,457.5,30.45,9.12,1
2020-02-10,448.67,32.73,4.15,0
2020-02-11,444.61,29.48,3.93,0
2020-02-12,441.25,31.46,4.81,0
2020-02-13,414.81,32.11,23.57,0
2020-02-14,443.23,33.02,1.81,0
2020-02-15,475.24,33.54,6.17,1
2020-02-16,432.02,29.99,15.37,1
2020-02-17,419.99,29.29,4.8,0
2020-02-18,481.97,35.03,11.39,0
2020-02-19,447.12,33.25,1.43,0
2020-02-20,447.58,31.2,4.25,0
2020-02-21,462.49,35.91,2.5,0
2020-02-22,480.64,33.14,4.76,1
2020-02-23,468.07,35.37,4.84,1
2020-02-24,468.4,33.25,5.23,0
2020-02-25,499.11,37.34,9.06,0
2020-02-26,470.78,36.82,0.37,0
2020-02-27,476.8,32.91,3.0,0
2020-02-28,459.75,35.44,5.86,0
2020-02-29,515.61,34.88,0.68,1
2020-03-01,519.28,36.41,7.8,1
2020-03-02,449.74,31.83,2.95,0
2020-03-03,444.62,35.21,4.32,0
2020-03-04,475.72,36.04,9.34,0
2020-03-05,432.28,30.48,11.74,0
2020-03-06,450.1,31.7,7.97,0
2020-03-07,461.69,30.06,1.76,1
2020-03-08,459.69,33.67,7.7,1
2020-03-09,479.84,35.71,8.06,0
2020-03-10,477.54,37.34,6.99,0
2020-03-11,425.03,34.55,13.02,0
2020-03-12,488.21,37.71,5.33,0
2020-03-13,440.66,31.75,12.69,0
2020-03-14,445.61,31.16,12.64,1
2020-03-15,500.36,34.5,8.22,1
2020-03-16,455.38,35.43,6.24,0
2020-03-17,456.61,34.64,7.02,0
2020-03-18,434.77,30.61,14.9,0
2020-03-19,453.34,34.6,10.4,0
2020-03-20,436.31,32.2,1.97,0
2020-03-21,490.27,36.18,6.7,1
2020-03-22,487.05,35.61,2.38,1
2020-03-23,472.2,33.02,2.88,0
2020-03-24,464.34,33.89,3.7,0
2020-03-25,462.95,32.82,1.29,0
2020-03-26,453.96,34.83,2.24,0
2020-03-27,453.98,36.88,13.49,0
2020-03-28,493.9,33.01,2.86,1
2020-03-29,470.17,36.0,9.09,1
2020-03-30,457.81,33.94,5.7,0
2020-03-31,438.1,33.41,7.46,0
2020-04-01,440.79,34.79,7.69,0
2020-04-02,459.05,32.92,2.15,0
2020-04-03,453.9,33.88,9.06,0
2020-04-04,509.66,32.58,1.58,1
2020-04-05,502.13,38.9,2.76,1
2020-04-06,459.14,35.02,7.61,0
2020-04-07,444.87,33.53,2.02,0
2020-04-08,484.68,35.34,0.6,0
2020-04-09,466.32,34.66,6.48,0
2020-04-10,492.3,34.42,1.06,0
2020-04-11,500.73,36.06,8.12,1
2020-04-12,498.99,36.31,3.92,1
2020-04-13,448.62,33.7,6.41,0
2020-04-14,458.26,33.57,6.33,0
2020-04-15,451.9,34.13,8.54,0
2020-04-16,448.92,30.03,7.77,0
2020-04-17,466.17,31.56,2.01,0
2020-04-18,493.68,37.27,4.11,1
2020-04-19,474.12,37.77,6.41,1
2020-04-20,463.96,33.93,12.84,0
2020-04-21,470.7,35.52,7.82,0
2020-04-22,445.63,34.93,12.11,0
2020-04-23,496.84,40.4,6.65,0
2020-04-24,462.14,36.41,10.53,0
2020-04-25,496.97,33.85,6.03,1
2020-04-26,431.19,32.12,10.24,1
2020-04-27,440.25,30.75,3.76,0
2020-04-28,467.77,34.29,13.83,0
2020-04-29,455.49,32.29,7.2,0
2020-04-30,478.35,30.87,1.3,0
2020-05-01,430.24,32.34,6.56,0
2020-05-02,477.31,31.38,7.83,1
2020-05-03,500.77,36.83,9.27,1
2020-05-04,416.33,35.12,17.03,0
2020-05-05,455.23,33.25,3.29,0
2020-05-06,444.82,36.13,17.1,0
2020-05-07,431.78,33.22,5.01,0
2020-05-08,446.8,31.24,2.64,0
2020-05-09,505.92,35.9,3.35,1
2020-05-10,468.25,33.83,7.51,1
2020-05-11,451.84,30.56,2.31,0
2020-05-12,456.85,32.15,3.81,0
2020-05-13,440.23,30.66,6.45,0
2020-05-14,409.56,29.53,13.76,0
2020-05-15,461.85,34.03,9.09,0
2020-05-16,465.23,35.87,5.17,1
2020-05-17,450.83,29.14,7.49,1
2020-05-18,473.46,32.93,5.99,0
2020-05-19,441.71,30.38,1.74,0
2020-05-20,411.28,30.58,15.35,0
2020-05-21,434.26,30.24,13.9,0
2020-05-22,440.81,29.56,4.72,0
2020-05-23,480.54,31.25,3.45,1
2020-05-24,463.8,29.35,1.78,1
2020-05-25,405.63,31.42,7.82,0
2020-05-26,455.17,30.64,7.86,0
2020-05-27,476.67,30.12,2.49,0
2020-05-28,450.36,28.64,6.05,0
2020-05-29,374.89,29.15,8.9,0
2020-05-30,478.61,31.67,3.25,1
2020-05-31,459.52,31.01,4.28,1
2020-06-01,414.79,27.91,4.24,0
2020-06-02,446.13,29.91,2.63,0
2020-06-03,444.38,31.06,4.35,0
2020-06-04,435.8,26.07,1.08,0
2020-06-05,444.39,30.34,4.07,0
2020-06-06,433.79,27.77,4.12,1
2020-06-07,452.21,30.08,4.76,1
2020-06-08,410.99,27.25,7.1,0
2020-06-09,396.01,25.01,1.64,0
2020-06-10,401.53,25.2,1.95,0
2020-06-11,433.64,28.39,2.57,0
2020-06-12,461.66,28.65,1.47,0
2020-06-13,427.41,26.16,7.68,1
2020-06-14,447.76,29.08,3.14,1
2020-06-15,394.09,24.31,4.88,0
2020-06-16,432.39,27.34,2.38,0
2020-06-17,434.63,24.88,3.73,0
2020-06-18,446.68,25.83,6.26,0
2020-06-19,426.63,27.06,6.48,0
2020-06-20,443.42,25.08,2.03,1
2020-06-21,431.75,25.86,4.69,1
2020-06-22,431.87,28.47,2.42,0
2020-06-23,425.98,25.13,4.56,0
2020-06-24,428.38,27.79,2.92,0
2020-06-25,384.02,23.69,15.99,0
2020-06-26,416.06,26.83,8.86,0
2020-06-27,440.19,28.49,6.69,1
2020-06-28,413.32,20.49,4.0,1
2020-06-29,369.95,23.66,9.04,0
2020-06-30,429.83,26.24,4.8,0
2020-07-01,427.96,24.51,14.93,0
2020-07-02,399.81,25.48,9.66,0
2020-07-03,415.0,23.36,3.71,0
2020-07-04,427.98,24.57,13.82,1
2020-07-05,450.75,23.91,4.01,1
2020-07-06,394.8,26.39,16.59,0
2020-07-07,366.29,24.39,14.31,0
2020-07-08,413.48,24.39,6.23,0
2020-07-09,413.27,22.72,1.13,0
2020-07-10,395.02,22.4,5.89,0
2020-07-11,426.0,22.34,1.84,1
2020-07-12,435.27,23.82,3.0,1
2020-07-13,409.16,22.02,3.19,0
2020-07-14,417.53,23.28,1.83,0
2020-07-15,418.33,26.68,5.9,0
2020-07-16,420.89,24.11,2.7,0
2020-07-17,395.13,21.55,4.16,0
2020-07-18,445.38,24.44,3.21,1
2020-07-19,401.62,21.05,7.12,1
2020-07-20,375.73,17.63,6.76,0
2020-07-21,365.48,19.53,3.9,0
2020-07-22,367.92,17.64,7.37,0
2020-07-23,388.25,20.52,11.43,0
2020-07-24,389.02,21.1,0.49,0
2020-07-25,430.37,24.26,3.06,1
2020-07-26,386.58,21.4,2.18,1
2020-07-27,374.59,20.16,2.83,0
2020-07-28,393.15,22.1,0.38,0
2020-07-29,379.93,15.87,0.46,0
2020-07-30,401.44,20.61,3.3,0
2020-07-31,400.35,21.53,3.23,0
2020-08-01,373.6,16.88,12.53,1
2020-08-02,413.08,21.98,5.57,1
2020-08-03,397.39,20.22,7.24,0
2020-08-04,314.4,18.57,40.83,0
2020-08-05,367.44,20.53,15.1,0
2020-08-06,428.07,23.66,4.83,0
2020-08-07,418.93,19.35,3.53,0
2020-08-08,391.83,19.34,3.1,1
2020-08-09,404.03,17.79,6.39,1
2020-08-10,423.64,16.88,3.56,0
2020-08-11,401.2,20.11,1.78,0
2020-08-12,378.37,16.61,3.2,0
2020-08-13,377.8,18.34,6.52,0
2020-08-14,376.61,17.11,8.15,0
2020-08-15,393.59,18.9,16.12,1
2020-08-16,383.0,18.49,5.39,1
2020-08-17,374.73,19.78,11.89,0
2020-08-18,340.23,16.57,4.28,0
2020-08-19,372.02,16.93,4.76,0
2020-08-20,354.35,15.4,4.56,0
2020-08-21,375.14,16.36,5.88,0
2020-08-22,366.29,17.9,9.18,1
2020-08-23,398.21,18.55,3.44,1
2020-08-24,385.38,15.09,2.29,0
2020-08-25,363.35,18.57,9.69,0
2020-08-26,350.23,19.45,9.22,0
2020-08-27,364.91,17.47,13.15,0
2020-08-28,386.69,20.3,3.01,0
2020-08-29,383.43,14.91,4.16,1
2020-08-30,358.57,13.88,9.94,1
2020-08-31,386.44,12.73,3.4,0
2020-09-01,356.76,19.19,7.91,0
2020-09-02,421.05,17.43,4.3,0
2020-09-03,361.07,15.93,6.36,0
2020-09-04,381.9,16.53,1.74,0
2020-09-05,368.92,13.64,5.34,1
2020-09-06,391.78,20.72,11.28,1
2020-09-07,350.99,16.02,8.66,0
2020-09-08,384.27,15.91,2.15,0
2020-09-09,333.69,17.08,15.28,0
2020-09-10,366.51,16.53,10.81,0
2020-09-11,343.41,15.96,1.82,0
2020-09-12,387.08,13.88,3.22,1
2020-09-13,410.67,16.36,1.92,1
2020-09-14,363.54,19.13,6.49,0
2020-09-15,394.04,18.01,3.1,0
2020-09-16,391.8,18.47,0.65,0
2020-09-17,385.59,14.22,4.74,0
2020-09-18,334.44,13.22,9.43,0
2020-09-19,425.99,14.92,5.42,1
2020-09-20,345.57,15.25,7.41,1
2020-09-21,369.94,17.3,5.81,0
2020-09-22,316.23,11.7,8.41,0
2020-09-23,405.99,18.13,6.2,0
2020-09-24,360.66,14.73,4.54,0
2020-09-25,357.58,14.18,5.37,0
2020-09-26,364.69,13.0,13.47,1
2020-09-27,363.01,11.7,7.71,1
2020-09-28,370.06,16.65,2.15,0
2020-09-29,346.28,15.15,5.31,0
2020-09-30,351.81,12.42,6.41,0
2020-10-01,358.9,12.41,4.42,0
2020-10-02,380.8,14.34,0.65,0
2020-10-03,435.75,18.35,2.35,1
2020-10-04,352.81,14.51,3.56,1
2020-10-05,326.25,12.03,16.45,0
2020-10-06,376.45,14.57,7.13,0
2020-10-07,368.63,14.53,1.08,0
2020-10-08,304.17,9.71,4.65,0
2020-10-09,331.54,15.02,12.09,0
2020-10-10,392.27,14.69,3.06,1
2020-10-11,386.89,16.58,10.2,1
2020-10-12,402.44,18.92,1.12,0
2020-10-13,375.65,17.51,0.1,0
2020-10-14,355.23,14.76,11.24,0
2020-10-15,344.64,13.13,3.41,0
2020-10-16,399.29,20.54,3.64,0
2020-10-17,387.03,15.56,5.77,1
2020-10-18,371.37,15.52,6.95,1
2020-10-19,400.39,15.5,0.23,0
2020-10-20,348.68,16.0,2.86,0
2020-10-21,364.28,15.37,5.23,0
2020-10-22,346.37,14.58,6.94,0
2020-10-23,396.75,14.7,2.12,0
2020-10-24,399.46,15.79,4.24,1
2020-10-25,378.37,14.84,3.06,1
2020-10-26,356.86,14.58,5.92,0
2020-10-27,387.45,16.29,10.97,0
2020-10-28,356.44,15.65,3.81,0
2020-10-29,367.08,19.25,1.35,0
2020-10-30,354.03,11.02,2.72,0
2020-10-31,387.32,18.6,15.18,1
2020-11-01,420.24,18.99,2.36,1
2020-11-02,369.05,12.45,1.64,0
2020-11-03,399.34,16.0,3.62,0
2020-11-04,345.15,16.04,4.65,0
2020-11-05,345.87,14.07,3.22,0
2020-11-06,384.83,15.43,1.13,0
2020-11-07,365.06,14.87,6.35,1
2020-11-08,389.81,20.7,5.92,1
2020-11-09,407.49,19.18,8.19,0
2020-11-10,363.85,19.96,5.83,0
2020-11-11,360.88,18.97,14.36,0
2020-11-12,358.76,15.39,8.64,0
2020-11-13,388.28,16.71,7.46,0
2020-11-14,363.8,18.86,11.24,1
2020-11-15,392.91,15.56,5.56,1
2020-11-16,375.79,19.56,4.31,0
2020-11-17,385.69,17.77,6.3,0
2020-11-18,373.35,17.63,0.61,0
2020-11-19,412.11,19.94,5.58,0
2020-11-20,374.87,19.53,4.64,0
2020-11-21,359.74,18.06,6.81,1
2020-11-22,393.9,21.23,10.22,1
2020-11-23,365.3,16.89,7.62,0
2020-11-24,412.89,20.42,2.73,0
2020-11-25,365.52,20.52,9.1,0
2020-11-26,346.71,18.86,14.5,0
2020-11-27,394.97,20.27,10.4,0
2020-11-28,382.73,17.26,1.48,1
2020-11-29,411.0,21.76,7.56,1
2020-11-30,392.65,19.69,1.72,0
2020-12-01,391.14,19.17,3.98,0
2020-12-02,387.74,22.46,6.66,0
2020-12-03,369.56,19.11,6.04,0
2020-12-04,373.78,17.86,10.26,0
2020-12-05,366.05,17.71,14.54,1
2020-12-06,396.28,22.2,7.15,1
2020-12-07,403.85,18.58,3.74,0
2020-12-08,430.08,24.81,0.65,0
2020-12-09,388.93,17.3,12.04,0
2020-12-10,427.52,25.02,4.66,0
2020-12-11,382.31,22.21,4.86,0
2020-12-12,419.91,21.76,5.16,1
2020-12-13,396.05,21.03,6.92,1
2020-12-14,376.49,23.08,7.07,0
2020-12-15,397.08,22.37,4.03,0
2020-12-16,429.57,24.82,4.63,0
2020-12-17,413.15,23.01,3.01,0
2020-12-18,389.93,23.25,2.73,0
2020-12-19,419.28,22.39,2.72,1
2020-12-20,424.56,23.17,4.58,1
2020-12-21,390.49,24.07,2.27,0
2020-12-22,411.58,20.21,0.08,0
2020-12-23,394.71,21.1,3.68,0
2020-12-24,403.27,25.46,1.58,0
2020-12-25,389.83,24.48,5.44,0
2020-12-26,450.23,23.94,3.0,1
2020-12-27,422.93,24.52,6.98,1
2020-12-28,441.15,25.35,1.73,0
2020-12-29,440.68,23.75,0.82,0
2020-12-30,423.28,23.44,4.64,0
2020-12-31,412.71,25.56,3.56,0
2021-01-01,375.74,23.22,1.44,0
2021-01-02,438.2,26.16,8.65,1
2021-01-03,457.86,22.11,2.04,1
2021-01-04,432.97,27.75,2.62,0
2021-01-05,384.56,26.8,9.81,0
2021-01-06,408.04,26.54,7.27,0
2021-01-07,434.43,28.17,1.83,0
2021-01-08,424.4,29.7,3.83,0
2021-01-09,421.1,28.57,1.65,1
2021-01-10,415.05,23.03,9.32,1
2021-01-11,391.21,24.32,9.32,0
2021-01-12,423.68,25.8,15.96,0
2021-01-13,397.74,27.27,20.07,0
2021-01-14,443.22,28.42,2.97,0
2021-01-15,412.13,26.1,8.3,0
2021-01-16,460.52,28.09,0.68,1
2021-01-17,415.58,26.37,5.75,1
2021-01-18,404.86,26.83,6.84,0
2021-01-19,439.04,25.4,2.14,0
2021-01-20,430.17,26.53,2.81,0
2021-01-21,404.47,25.83,9.36,0
2021-01-22,427.1,26.75,6.96,0
2021-01-23,453.14,30.96,14.64,1
2021-01-24,458.4,27.12,13.52,1
2021-01-25,472.76,34.44,0.94,0
2021-01-26,429.17,30.31,3.23,0
2021-01-27,443.65,29.85,1.94,0
2021-01-28,431.62,27.92,8.54,0
2021-01-29,458.51,31.19,6.18,0
2021-01-30,435.57,28.79,2.07,1
2021-01-31,470.69,30.33,2.39,1
2021-02-01,440.17,35.35,11.57,0
2021-02-02,435.34,30.19,3.55,0
2021-02-03,475.72,32.82,0.54,0
2021-02-04,453.71,29.26,1.89,0
2021-02-05,410.2,30.74,16.66,0
2021-02-06,470.07,34.49,10.0,1
2021-02-07,458.02,29.83,1.54,1
2021-02-08,506.1,34.85,5.75,0
2021-02-09,448.86,32.77,9.58,0
2021-02-10,437.37,30.36,0.92,0
2021-02-11,463.59,32.88,10.32,0
2021-02-12,474.99,33.69,6.91,0
2021-02-13,507.12,33.11,2.66,1
2021-02-14,480.15,28.85,7.72,1
2021-02-15,451.44,30.66,6.25,0
2021-02-16,440.33,31.74,6.56,0
2021-02-17,446.8,32.21,5.6,0
2021-02-18,459.56,33.71,2.31,0
2021-02-19,453.2,32.94,2.72,0
2021-02-20,480.45,30.02,4.13,1
2021-02-21,477.47,33.56,5.18,1
2021-02-22,469.13,34.13,8.05,0
2021-02-23,446.98,34.13,16.92,0
2021-02-24,448.0,35.28,5.95,0
2021-02-25,432.77,34.88,7.95,0
2021-02-26,434.1,34.23,9.25,0
2021-02-27,463.24,33.27,8.35,1
2021-02-28,468.45,30.18,2.22,1
2021-03-01,437.91,34.45,12.3,0
2021-03-02,458.92,34.09,11.04,0
2021-03-03,452.52,34.3,5.54,0
2021-03-04,455.59,31.29,2.35,0
2021-03-05,450.32,31.76,5.12,0
2021-03-06,524.4,36.1,1.06,1
2021-03-07,448.58,33.99,13.38,1
2021-03-08,504.76,35.5,2.94,0
2021-03-09,454.49,34.27,3.97,0
2021-03-10,426.07,34.33,12.75,0
2021-03-11,454.31,36.21,11.76,0
2021-03-12,502.58,33.37,6.43,0
2021-03-13,477.25,34.65,14.71,1
2021-03-14,492.66,33.59,2.16,1
2021-03-15,467.54,33.69,6.43,0
2021-03-16,454.07,33.99,2.18,0
2021-03-17,459.22,35.1,10.59,0
2021-03-18,448.07,33.74,10.34,0
2021-03-19,482.61,37.25,15.39,0
2021-03-20,473.32,32.99,5.0,1
2021-03-21,450.1,34.44,18.21,1
2021-03-22,448.34,33.97,2.01,0
2021-03-23,481.35,37.77,4.79,0
2021-03-24,476.7,35.29,2.08,0
2021-03-25,455.31,36.99,5.8,0
2021-03-26,462.15,31.97,2.25,0
2021-03-27,479.74,35.49,10.61,1
2021-03-28,504.81,36.75,7.08,1
2021-03-29,490.23,35.15,1.85,0
2021-03-30,469.07,37.12,8.98,0
2021-03-31,426.21,33.96,14.03,0
2021-04-01,461.5,37.82,7.57,0
2021-04-02,521.7,39.6,1.36,0
2021-04-03,484.94,34.27,4.44,1
2021-04-04,500.15,34.1,8.26,1
2021-04-05,488.67,37.89,4.12,0
2021-04-06,497.96,38.13,1.99,0
2021-04-07,460.73,33.91,11.44,0
2021-04-08,444.16,34.09,3.98,0
2021-04-09,448.27,34.35,14.04,0
2021-04-10,455.94,32.2,3.25,1
2021-04-11,473.25,33.02,3.79,1
2021-04-12,467.64,32.82,3.03,0
2021-04-13,442.15,33.26,4.39,0
2021-04-14,467.86,34.69,6.99,0
2021-04-15,449.3,35.19,2.08,0
2021-04-16,502.59,37.78,1.73,0
2021-04-17,471.43,32.64,0.9,1
2021-04-18,485.83,36.56,0.77,1
2021-04-19,446.27,34.11,1.37,0
2021-04-20,456.78,34.38,3.23,0
2021-04-21,438.83,35.78,5.72,0
2021-04-22,438.96,32.12,6.72,0
2021-04-23,480.8,35.07,5.52,0
2021-04-24,464.07,34.58,12.99,1
2021-04-25,446.59,35.16,15.77,1
2021-04-26,468.83,34.68,3.99,0
2021-04-27,492.55,38.94,2.12,0
2021-04-28,454.87,32.68,18.95,0
2021-04-29,453.61,32.82,11.17,0
2021-04-30,446.11,32.55,10.62,0
2021-05-01,490.37,32.61,3.12,1
2021-05-02,461.5,32.36,9.13,1
2021-05-03,467.36,35.92,5.56,0
2021-05-04,496.91,36.29,4.72,0
2021-05-05,427.13,32.22,4.71,0
2021-05-06,458.06,31.6,7.22,0
2021-05-07,442.34,34.11,13.27,0
2021-05-08,435.5,31.96,19.97,1
2021-05-09,475.66,34.23,3.59,1
2021-05-10,457.02,33.26,5.8,0
2021-05-11,438.68,29.72,4.63,0
2021-05-12,458.68,35.73,6.89,0
2021-05-13,461.68,36.12,4.19,0
2021-05-14,421.72,31.19,2.82,0
2021-05-15,459.55,31.52,3.6,1
2021-05-16,469.74,32.75,3.16,1
2021-05-17,456.99,32.72,4.45,0
2021-05-18,492.74,33.25,1.48,0
2021-05-19,463.48,35.83,3.21,0
2021-05-20,427.6,31.33,6.84,0
2021-05-21,425.46,29.95,6.8,0
2021-05-22,453.52,28.66,6.04,1
2021-05-23,452.94,29.83,12.51,1
2021-05-24,452.29,31.09,7.03,0
2021-05-25,460.97,34.61,12.24,0
2021-05-26,423.8,29.84,19.98,0
2021-05-27,433.16,31.19,9.29,0
2021-05-28,480.64,30.56,1.49,0
2021-05-29,466.38,32.83,6.22,1
2021-05-30,487.31,35.36,5.57,1
2021-05-31,436.89,29.1,14.02,0
2021-06-01,444.5,29.03,4.58,0
2021-06-02,421.17,31.95,2.49,0
2021-06-03,448.72,31.08,3.37,0
2021-06-04,476.1,33.25,1.54,0
2021-06-05,416.89,30.57,17.91,1
2021-06-06,463.77,28.53,5.07,1
2021-06-07,453.83,30.27,1.7,0
2021-06-08,443.8,31.15,14.86,0
2021-06-09,408.64,30.42,16.54,0
2021-06-10,451.68,29.63,5.71,0
2021-06-11,452.53,30.59,1.4,0
2021-06-12,492.78,30.63,3.44,1
2021-06-13,507.87,30.9,4.2,1
2021-06-14,458.99,29.26,5.21,0
2021-06-15,440.72,27.47,1.91,0
2021-06-16,454.82,27.93,9.82,0
2021-06-17,457.52,29.88,0.48,0
2021-06-18,392.87,25.67,10.93,0
2021-06-19,433.73,27.87,12.52,1
2021-06-20,454.87,26.18,3.73,1
2021-06-21,437.15,26.86,4.76,0
2021-06-22,401.89,29.18,13.58,0
2021-06-23,401.71,26.84,8.04,0
2021-06-24,419.11,26.38,3.84,0
2021-06-25,416.57,23.4,4.22,0
2021-06-26,452.62,27.44,7.25,1
2021-06-27,423.72,27.06,16.86,1
2021-06-28,428.48,29.93,4.32,0
2021-06-29,442.64,24.81,3.74,0
2021-06-30,402.05,25.7,5.18,0
2021-07-01,437.06,25.58,5.2,0
2021-07-02,438.71,28.07,6.36,0
2021-07-03,452.43,24.55,4.77,1
2021-07-04,416.22,25.13,11.38,1
2021-07-05,421.3,25.61,2.31,0
2021-07-06,410.06,24.6,6.88,0
2021-07-07,394.51,23.16,7.08,0
2021-07-08,419.72,24.27,2.51,0
2021-07-09,439.32,25.86,6.83,0
2021-07-10,393.57,21.49,7.21,1
2021-07-11,427.88,23.64,0.23,1
2021-07-12,393.29,21.8,2.12,0
2021-07-13,397.03,25.42,14.34,0
2021-07-14,390.92,19.82,3.07,0
2021-07-15,416.1,21.58,1.69,0
2021-07-16,415.46,23.28,0.73,0
2021-07-17,448.15,25.49,1.93,1
2021-07-18,427.09,22.07,4.61,1
2021-07-19,405.15,20.92,1.57,0
2021-07-20,422.47,25.63,8.12,0
2021-07-21,387.28,18.81,2.47,0
2021-07-22,397.64,17.15,6.39,0
2021-07-23,423.46,22.26,12.99,0
2021-07-24,406.79,20.22,12.45,1
2021-07-25,405.9,19.02,6.31,1
2021-07-26,417.36,22.32,1.81,0
2021-07-27,379.95,21.24,4.86,0
2021-07-28,387.1,19.47,6.47,0
2021-07-29,333.63,17.88,22.4,0
2021-07-30,416.37,22.03,0.72,0
2021-07-31,406.54,21.44,4.88,1
2021-08-01,397.95,19.79,7.91,1
2021-08-02,378.6,23.53,5.49,0
2021-08-03,358.25,17.55,5.96,0
2021-08-04,382.6,16.5,2.6,0
2021-08-05,357.66,18.02,9.71,0
2021-08-06,401.41,19.17,5.2,0
2021-08-07,391.85,19.61,5.94,1
2021-08-08,398.46,18.5,10.42,1
2021-08-09,378.46,19.55,3.93,0
2021-08-10,362.83,16.21,12.0,0
2021-08-11,381.28,21.47,1.52,0
2021-08-12,372.23,18.28,6.2,0
2021-08-13,385.16,20.55,2.46,0
2021-08-14,423.83,18.88,1.9,1
2021-08-15,388.37,18.98,16.73,1
2021-08-16,373.73,19.08,1.6,0
2021-08-17,379.98,18.72,5.28,0
2021-08-18,380.41,18.99,1.48,0
2021-08-19,392.48,20.25,11.5,0
2021-08-20,401.17,17.87,3.62,0
2021-08-21,371.5,18.78,10.38,1
2021-08-22,402.31,17.07,7.72,1
2021-08-23,347.21,20.02,20.28,0
2021-08-24,372.27,15.69,1.18,0
2021-08-25,398.97,20.54,2.1,0
2021-08-26,391.01,16.75,10.0,0
2021-08-27,341.48,13.87,6.42,0
2021-08-28,408.67,16.9,4.17,1
2021-08-29,342.59,15.19,17.88,1
2021-08-30,362.08,18.14,5.0,0
2021-08-31,370.65,15.06,2.55,0
2021-09-01,356.34,15.39,10.47,0
2021-09-02,309.35,12.42,5.13,0
2021-09-03,382.58,15.21,5.44,0
2021-09-04,327.5,11.19,8.19,1
2021-09-05,364.97,12.8,8.42,1
2021-09-06,402.85,17.41,2.07,0
2021-09-07,412.16,17.4,3.98,0
2021-09-08,374.9,16.61,1.34,0
2021-09-09,334.32,13.76,6.49,0
2021-09-10,363.96,15.54,16.54,0
2021-09-11,406.5,15.57,2.15,1
2021-09-12,376.49,13.2,1.09,1
2021-09-13,377.26,18.47,2.93,0
2021-09-14,366.8,17.17,4.14,0
2021-09-15,352.51,14.92,8.47,0
2021-09-16,374.02,15.37,3.8,0
2021-09-17,356.84,15.7,6.57,0
2021-09-18,362.56,11.16,3.31,1
2021-09-19,394.52,14.71,4.33,1
2021-09-20,341.86,13.81,2.47,0
2021-09-21,356.43,13.14,1.81,0
2021-09-22,330.24,14.55,8.69,0
2021-09-23,388.03,18.68,3.51,0
2021-09-24,338.8,16.35,6.93,0
2021-09-25,398.01,13.91,2.44,1
2021-09-26,371.12,16.18,5.03,1
2021-09-27,361.53,17.82,0.49,0
2021-09-28,371.39,16.86,3.73,0
2021-09-29,395.93,15.12,2.68,0
2021-09-30,356.83,13.71,11.19,0
2021-10-01,350.07,16.4,1.54,0
2021-10-02,369.86,15.79,4.47,1
2021-10-03,385.2,16.8,6.43,1
2021-10-04,394.72,16.29,10.14,0
2021-10-05,353.15,17.13,9.2,0
2021-10-06,346.38,13.97,4.75,0
2021-10-07,400.8,17.69,5.29,0
2021-10-08,357.93,15.47,11.18,0
2021-10-09,422.69,19.25,4.68,1
2021-10-10,366.39,13.75,5.72,1
2021-10-11,368.75,18.63,11.43,0
2021-10-12,353.4,15.58,22.12,0
2021-10-13,355.23,13.92,6.1,0
2021-10-14,373.58,14.29,7.36,0
2021-10-15,361.09,14.66,9.01,0
2021-10-16,362.64,16.19,11.36,1
2021-10-17,381.3,16.43,10.31,1
2021-10-18,379.98,14.29,3.1,0
2021-10-19,374.44,15.44,6.4,0
2021-10-20,377.81,19.83,10.36,0
2021-10-21,340.91,19.06,13.0,0
2021-10-22,346.78,16.53,4.48,0
2021-10-23,362.68,15.8,6.29,1
2021-10-24,378.84,16.03,6.83,1
2021-10-25,369.46,17.09,5.15,0
2021-10-26,334.95,13.88,6.17,0
2021-10-27,330.75,15.49,31.01,0
2021-10-28,336.1,12.74,4.33,0
2021-10-29,355.03,16.96,4.6,0
2021-10-30,407.08,17.54,0.96,1
2021-10-31,409.84,15.36,0.78,1
2021-11-01,414.26,19.56,7.18,0
2021-11-02,358.2,14.05,10.39,0
2021-11-03,373.8,13.67,9.11,0
2021-11-04,362.65,17.14,2.43,0
2021-11-05,409.31,18.88,8.74,0
2021-11-06,384.26,20.25,4.54,1
2021-11-07,385.39,16.07,3.7,1
2021-11-08,401.88,19.25,1.39,0
2021-11-09,356.1,17.12,2.71,0
2021-11-10,356.29,16.96,7.3,0
2021-11-11,366.93,19.18,6.35,0
2021-11-12,378.16,18.83,5.68,0
2021-11-13,412.95,14.49,0.42,1
2021-11-14,412.39,20.72,5.72,1
2021-11-15,390.16,20.64,3.06,0
2021-11-16,327.73,16.75,6.39,0
2021-11-17,378.42,18.92,11.59,0
2021-11-18,401.15,19.24,3.46,0
2021-11-19,358.2,18.91,5.41,0
2021-11-20,370.44,17.41,17.81,1
2021-11-21,397.1,17.3,6.15,1
2021-11-22,398.28,18.73,4.91,0
2021-11-23,390.5,21.26,2.47,0
2021-11-24,369.74,20.14,8.91,0
2021-11-25,381.22,18.45,2.09,0
2021-11-26,399.77,20.88,11.94,0
2021-11-27,388.47,13.78,8.04,1
2021-11-28,422.97,21.92,3.15,1
2021-11-29,391.65,16.29,2.54,0
2021-11-30,355.22,19.19,2.6,0
2021-12-01,399.39,17.82,0.8,0
2021-12-02,357.22,17.62,7.06,0
2021-12-03,438.94,22.69,0.5,0
2021-12-04,392.6,19.58,4.67,1
2021-12-05,405.15,21.37,4.44,1
2021-12-06,404.43,20.73,3.84,0
2021-12-07,405.53,21.94,7.02,0
2021-12-08,393.48,21.3,3.16,0
2021-12-09,387.79,18.74,5.73,0
2021-12-10,400.84,23.46,11.94,0
2021-12-11,413.82,20.64,7.63,1
2021-12-12,400.17,18.67,3.57,1
2021-12-13,402.99,21.09,5.03,0
2021-12-14,439.0,25.12,3.84,0
2021-12-15,392.74,23.98,4.39,0
2021-12-16,384.41,21.75,5.87,0
2021-12-17,407.34,21.91,1.32,0
2021-12-18,412.82,22.14,1.01,1
2021-12-19,423.91,27.1,2.28,1
2021-12-20,421.28,23.88,7.26,0
2021-12-21,371.32,24.15,7.99,0
2021-12-22,403.86,25.52,8.84,0
2021-12-23,427.18,24.1,2.36,0
2021-12-24,409.62,23.28,5.39,0
2021-12-25,424.75,23.58,3.66,1
2021-12-26,414.45,24.0,4.54,1
2021-12-27,419.13,24.24,3.61,0
2021-12-28,402.64,25.94,6.12,0
2021-12-29,422.13,24.76,2.83,0
2021-12-30,411.48,26.29,11.05,0
2021-12-31,404.23,24.84,11.12,0
2022-01-01,422.84,25.33,7.1,1
2022-01-02,436.9,21.35,10.18,1
2022-01-03,439.59,27.35,1.27,0
2022-01-04,404.75,26.38,11.49,0
2022-01-05,430.0,27.86,6.62,0
2022-01-06,383.62,20.24,2.98,0
2022-01-07,440.65,30.38,2.72,0
2022-01-08,457.99,26.09,14.18,1
2022-01-09,434.4,28.76,8.94,1
2022-01-10,413.12,24.63,4.44,0
2022-01-11,431.2,28.11,1.25,0
2022-01-12,385.35,24.94,11.89,0
2022-01-13,432.53,25.97,1.82,0
2022-01-14,449.19,31.21,3.71,0
2022-01-15,460.65,27.17,4.44,1
2022-01-16,467.56,28.15,2.69,1
2022-01-17,453.07,29.62,4.28,0
2022-01-18,421.48,29.04,4.97,0
2022-01-19,443.76,28.51,4.21,0
2022-01-20,442.82,29.11,6.34,0
2022-01-21,422.35,33.34,14.53,0
2022-01-22,455.5,28.58,1.32,1
2022-01-23,433.18,29.26,5.64,1
2022-01-24,461.94,31.12,1.84,0
2022-01-25,464.52,31.38,1.18,0
2022-01-26,460.65,31.7,9.66,0
2022-01-27,438.36,30.76,6.0,0
2022-01-28,441.31,27.35,1.1,0
2022-01-29,491.53,33.05,4.28,1
2022-01-30,442.35,27.65,2.28,1
2022-01-31,431.07,30.69,4.4,0
2022-02-01,416.4,28.73,8.19,0
2022-02-02,430.79,30.25,7.61,0
2022-02-03,435.6,31.18,3.63,0
2022-02-04,426.41,31.31,9.97,0
2022-02-05,466.33,31.65,12.57,1
2022-02-06,472.85,34.17,8.29,1
2022-02-07,458.28,31.99,3.14,0
2022-02-08,436.37,30.73,4.51,0
2022-02-09,428.72,33.28,14.22,0
2022-02-10,465.9,33.87,3.85,0
2022-02-11,432.44,29.16,7.63,0
2022-02-12,491.06,32.94,2.65,1
2022-02-13,485.85,33.27,10.02,1
2022-02-14,441.85,31.4,2.39,0
2022-02-15,477.92,34.87,4.67,0
2022-02-16,428.61,31.94,7.44,0
2022-02-17,461.78,32.61,16.18,0
2022-02-18,436.98,32.12,5.92,0
2022-02-19,485.33,32.61,4.05,1
2022-02-20,448.59,30.5,3.81,1
2022-02-21,427.9,29.92,9.72,0
2022-02-22,489.65,36.1,7.01,0
2022-02-23,428.18,31.32,8.08,0
2022-02-24,461.61,31.13,13.56,0
2022-02-25,433.99,28.91,5.24,0
2022-02-26,481.49,32.03,6.66,1
2022-02-27,472.31,30.76,3.77,1
2022-02-28,485.64,36.78,2.57,0
2022-03-01,450.59,35.61,3.03,0
2022-03-02,453.84,32.3,0.28,0
2022-03-03,494.49,38.26,7.38,0
2022-03-04,460.16,35.8,6.85,0
2022-03-05,473.89,33.27,7.27,1
2022-03-06,436.95,29.0,2.41,1
2022-03-07,479.05,38.65,3.07,0
2022-03-08,467.68,31.36,2.99,0
2022-03-09,413.97,30.92,10.69,0
2022-03-10,480.84,36.32,5.76,0
2022-03-11,488.37,39.22,5.19,0
2022-03-12,485.08,37.17,8.61,1
2022-03-13,487.73,35.58,2.99,1
2022-03-14,458.05,35.7,6.54,0
2022-03-15,440.17,36.27,17.57,0
2022-03-16,470.89,36.13,11.85,0
2022-03-17,456.68,35.22,6.47,0
2022-03-18,490.97,34.91,5.34,0
2022-03-19,483.12,34.62,7.23,1
2022-03-20,451.79,33.27,12.96,1
2022-03-21,461.16,34.25,12.35,0
2022-03-22,437.8,31.46,14.43,0
2022-03-23,436.57,34.68,6.0,0
2022-03-24,448.1,32.92,0.49,0
2022-03-25,428.32,32.72,16.76,0
2022-03-26,467.64,35.3,2.56,1
2022-03-27,523.05,37.74,8.51,1
2022-03-28,495.37,36.81,0.51,0
2022-03-29,448.79,31.84,5.11,0
2022-03-30,452.21,33.01,3.86,0
2022-03-31,446.51,36.88,14.45,0
2022-04-01,422.65,33.03,6.53,0
2022-04-02,456.62,34.55,5.07,1
2022-04-03,514.87,36.1,7.06,1
2022-04-04,488.59,33.05,0.14,0
2022-04-05,461.44,35.19,2.94,0
2022-04-06,468.44,32.3,3.34,0
2022-04-07,460.59,33.75,7.88,0
2022-04-08,483.08,35.57,2.07,0
2022-04-09,445.63,31.73,5.81,1
2022-04-10,462.32,35.77,4.7,1
2022-04-11,485.69,34.82,3.08,0
2022-04-12,443.48,35.93,3.25,0
2022-04-13,464.66,35.24,4.67,0
2022-04-14,480.51,37.49,0.71,0
2022-04-15,450.58,34.97,8.69,0
2022-04-16,488.73,33.82,2.54,1
2022-04-17,476.11,34.88,4.06,1
2022-04-18,456.11,35.67,14.1,0
2022-04-19,457.7,34.63,8.79,0
2022-04-20,500.83,34.56,1.74,0
2022-04-21,444.15,33.02,0.1,0
2022-04-22,451.09,33.04,7.28,0
2022-04-23,475.6,31.5,4.19,1
2022-04-24,493.19,37.74,5.84,1
2022-04-25,421.2,31.69,8.59,0
2022-04-26,463.36,32.72,9.55,0
2022-04-27,460.92,32.6,3.56,0
2022-04-28,450.52,35.75,4.61,0
2022-04-29,459.67,33.29,6.68,0
2022-04-30,513.0,36.3,7.0,1
2022-05-01,469.72,32.37,5.79,1
2022-05-02,444.77,34.19,13.07,0
2022-05-03,468.99,31.87,6.95,0
2022-05-04,457.15,37.74,8.5,0
2022-05-05,468.51,30.98,6.16,0
2022-05-06,479.89,33.88,2.06,0
2022-05-07,472.45,34.43,2.93,1
2022-05-08,476.11,33.89,1.66,1
2022-05-09,434.5,32.59,10.29,0
2022-05-10,433.29,32.6,1.1,0
2022-05-11,459.17,32.84,4.46,0
2022-05-12,441.1,32.34,3.72,0
2022-05-13,469.44,34.45,3.64,0
2022-05-14,476.99,36.83,3.91,1
2022-05-15,460.3,31.18,14.73,1
2022-05-16,456.95,29.44,0.65,0
2022-05-17,424.83,31.88,11.99,0
2022-05-18,482.49,37.09,4.18,0
2022-05-19,434.0,30.2,9.12,0
2022-05-20,486.4,34.96,5.32,0
2022-05-21,475.37,34.91,1.84,1
2022-05-22,443.75,30.31,12.77,1
2022-05-23,429.58,32.43,11.47,0
2022-05-24,468.77,34.41,1.97,0
2022-05-25,443.93,30.26,7.68,0
2022-05-26,436.49,30.47,3.05,0
2022-05-27,440.11,29.57,1.15,0
2022-05-28,472.22,28.57,2.55,1
2022-05-29,461.59,29.15,12.27,1
2022-05-30,428.14,27.86,9.28,0
2022-05-31,441.18,30.23,3.94,0
2022-06-01,414.25,28.47,12.31,0
2022-06-02,438.11,30.33,10.88,0
2022-06-03,431.31,26.6,2.55,0
2022-06-04,417.69,30.22,14.34,1
2022-06-05,476.56,31.07,3.69,1
2022-06-06,405.17,25.26,4.12,0
2022-06-07,426.61,29.84,0.67,0
2022-06-08,425.94,31.39,3.0,0
2022-06-09,419.57,26.36,4.49,0
2022-06-10,431.99,31.96,6.29,0
2022-06-11,427.89,29.29,1.84,1
2022-06-12,443.73,26.88,2.66,1
2022-06-13,403.64,28.02,14.55,0
2022-06-14,422.38,29.08,10.4,0
2022-06-15,406.9,27.95,11.72,0
2022-06-16,461.44,28.71,4.79,0
2022-06-17,423.05,25.63,6.43,0
2022-06-18,435.11,27.64,7.8,1
2022-06-19,411.77,24.31,14.41,1
2022-06-20,452.7,26.74,1.12,0
2022-06-21,432.78,24.99,3.26,0
2022-06-22,392.83,25.16,6.0,0
2022-06-23,419.35,28.93,5.34,0
2022-06-24,425.36,28.47,2.63,0
2022-06-25,435.42,27.33,7.33,1
2022-06-26,423.13,23.76,3.37,1
2022-06-27,416.12,25.14,5.05,0
2022-06-28,436.98,28.03,7.1,0
2022-06-29,435.1,25.71,3.5,0
2022-06-30,427.09,29.9,8.75,0
2022-07-01,385.09,25.87,9.88,0
2022-07-02,425.45,25.3,2.72,1
2022-07-03,426.12,24.12,3.35,1
2022-07-04,401.28,24.84,2.11,0
2022-07-05,427.65,24.09,4.96,0
2022-07-06,397.95,25.64,6.29,0
2022-07-07,431.52,25.97,3.79,0
2022-07-08,374.01,22.31,6.16,0
2022-07-09,428.56,21.05,3.28,1
2022-07-10,410.53,19.87,3.37,1
2022-07-11,431.58,24.39,6.53,0
2022-07-12,380.9,21.0,3.55,0
2022-07-13,375.66,18.73,4.76,0
2022-07-14,399.26,23.64,6.69,0
2022-07-15,423.94,27.68,6.09,0
2022-07-16,420.77,22.52,3.31,1
2022-07-17,414.17,24.04,10.57,1
2022-07-18,391.55,22.36,7.55,0
2022-07-19,366.1,21.84,6.0,0
2022-07-20,429.73,23.71,1.85,0
2022-07-21,437.66,21.13,5.44,0
2022-07-22,408.98,22.08,2.95,0
2022-07-23,398.76,22.03,7.17,1
2022-07-24,403.73,19.89,0.09,1
2022-07-25,416.3,23.05,4.07,0
2022-07-26,402.18,20.56,3.19,0
2022-07-27,374.39,19.24,8.77,0
2022-07-28,418.23,21.67,0.7,0
2022-07-29,351.91,18.64,5.18,0
2022-07-30,418.06,20.34,7.49,1
2022-07-31,391.78,20.12,16.19,1
2022-08-01,389.14,22.16,3.36,0
2022-08-02,369.71,20.79,6.36,0
2022-08-03,398.51,19.64,0.76,0
2022-08-04,417.07,21.18,4.98,0
2022-08-05,385.31,22.18,11.09,0
2022-08-06,376.51,20.38,16.29,1
2022-08-07,404.97,19.14,6.81,1
2022-08-08,407.01,16.36,1.05,0
2022-08-09,365.45,16.72,12.3,0
2022-08-10,396.48,18.1,1.06,0
2022-08-11,401.78,17.36,1.68,0
2022-08-12,371.45,18.07,13.0,0
2022-08-13,391.04,18.43,4.7,1
2022-08-14,384.0,19.25,3.05,1
2022-08-15,359.36,17.93,8.22,0
2022-08-16,366.69,18.92,5.66,0
2022-08-17,378.79,17.95,10.43,0
2022-08-18,369.02,13.75,5.86,0
2022-08-19,369.26,15.71,5.96,0
2022-08-20,366.54,17.19,10.18,1
2022-08-21,412.2,14.94,4.65,1
2022-08-22,381.43,18.45,2.29,0
2022-08-23,392.96,20.21,8.56,0
2022-08-24,390.21,19.48,3.95,0
2022-08-25,373.24,16.51,6.21,0
2022-08-26,406.46,19.82,0.57,0
2022-08-27,385.72,17.03,4.51,1
2022-08-28,412.95,15.97,3.23,1
2022-08-29,351.82,15.32,0.55,0
2022-08-30,354.45,15.85,4.62,0
2022-08-31,387.87,15.59,4.74,0
2022-09-01,378.88,16.62,6.55,0
2022-09-02,398.77,16.52,10.97,0
2022-09-03,382.06,16.13,9.8,1
2022-09-04,423.23,16.92,3.43,1
2022-09-05,352.37,18.35,5.75,0
2022-09-06,353.28,17.79,7.24,0
2022-09-07,370.68,12.85,3.51,0
2022-09-08,324.79,10.65,1.17,0
2022-09-09,376.38,17.56,4.24,0
2022-09-10,379.43,12.9,11.28,1
2022-09-11,400.91,15.12,1.11,1
2022-09-12,361.9,13.18,2.07,0
2022-09-13,347.53,11.86,2.52,0
2022-09-14,381.32,16.5,2.1,0
2022-09-15,376.58,16.88,8.25,0
2022-09-16,355.05,14.17,2.94,0
2022-09-17,359.25,10.1,8.4,1
2022-09-18,396.57,14.15,5.17,1
2022-09-19,374.94,15.99,0.83,0
2022-09-20,354.93,12.21,3.58,0
2022-09-21,364.8,15.51,10.0,0
2022-09-22,372.44,15.08,5.62,0
2022-09-23,386.8,16.25,3.81,0
2022-09-24,358.57,15.31,11.37,1
2022-09-25,373.82,13.1,1.88,1
2022-09-26,373.69,17.43,3.03,0
2022-09-27,341.24,14.7,9.36,0
2022-09-28,331.55,14.96,8.13,0
2022-09-29,313.41,13.14,1.73,0
2022-09-30,374.37,14.11,7.06,0
2022-10-01,357.06,13.23,2.89,1
2022-10-02,415.76,14.66,0.51,1
2022-10-03,395.51,18.43,3.87,0
2022-10-04,321.32,12.27,16.98,0
2022-10-05,348.02,11.8,10.11,0
2022-10-06,386.66,17.98,4.82,0
2022-10-07,354.6,14.64,1.03,0
2022-10-08,387.41,13.74,0.53,1
2022-10-09,380.83,17.18,5.19,1
2022-10-10,365.92,13.92,6.73,0
2022-10-11,366.67,18.81,8.32,0
2022-10-12,365.95,16.54,7.66,0
2022-10-13,352.88,14.25,8.12,0
2022-10-14,387.39,19.57,6.15,0
2022-10-15,392.97,14.09,11.21,1
2022-10-16,394.06,16.83,3.23,1
2022-10-17,387.95,15.99,5.13,0
2022-10-18,395.74,18.04,0.83,0
2022-10-19,408.0,18.61,3.17,0
2022-10-20,353.11,15.61,9.93,0
2022-10-21,365.03,14.09,7.94,0
2022-10-22,401.44,16.58,0.29,1
2022-10-23,311.38,14.37,17.81,1
2022-10-24,371.47,19.82,5.63,0
2022-10-25,377.97,16.13,5.71,0
2022-10-26,377.75,15.2,3.0,0
2022-10-27,355.26,16.37,3.59,0
2022-10-28,359.06,13.39,5.59,0
2022-10-29,383.38,14.22,7.63,1
2022-10-30,399.96,18.64,6.36,1
2022-10-31,379.58,15.01,3.21,0
2022-11-01,375.96,14.32,2.26,0
2022-11-02,383.11,17.58,2.12,0
2022-11-03,366.25,18.97,10.46,0
2022-11-04,387.04,18.13,9.61,0
2022-11-05,406.56,18.78,7.13,1
2022-11-06,355.32,15.37,10.41,1
2022-11-07,364.97,14.14,4.53,0
2022-11-08,365.1,20.09,9.05,0
2022-11-09,353.49,16.55,7.4,0
2022-11-10,355.8,16.8,9.22,0
2022-11-11,397.2,20.07,1.92,0
2022-11-12,406.66,18.64,6.09,1
2022-11-13,399.13,18.56,3.76,1
2022-11-14,404.21,22.09,0.39,0
2022-11-15,352.22,16.6,11.61,0
2022-11-16,395.76,19.86,9.63,0
2022-11-17,335.46,18.24,6.48,0
2022-11-18,384.55,18.79,2.39,0
2022-11-19,448.8,21.44,0.79,1
2022-11-20,424.64,19.53,0.38,1
2022-11-21,411.32,19.72,3.15,0
2022-11-22,357.69,20.92,8.21,0
2022-11-23,364.71,18.19,3.79,0
2022-11-24,380.19,17.37,7.2,0
2022-11-25,393.86,17.1,7.46,0
2022-11-26,363.63,15.4,8.12,1
2022-11-27,430.87,23.59,0.62,1
2022-11-28,387.9,17.41,2.59,0
2022-11-29,360.62,19.32,7.1,0
2022-11-30,377.97,19.36,13.33,0
2022-12-01,341.44,20.68,10.91,0
2022-12-02,404.13,21.84,6.24,0
2022-12-03,392.12,22.09,11.69,1
2022-12-04,397.64,19.35,6.2,1
2022-12-05,409.31,20.34,1.08,0
2022-12-06,397.62,21.39,8.03,0
2022-12-07,380.0,20.49,11.16,0
2022-12-08,404.07,24.36,16.13,0
2022-12-09,379.77,22.28,3.07,0
2022-12-10,434.28,22.93,1.73,1
2022-12-11,404.76,22.95,9.07,1
2022-12-12,420.84,24.13,6.8,0
2022-12-13,409.15,22.31,6.36,0
2022-12-14,384.85,19.52,11.8,0
2022-12-15,421.99,23.08,9.04,0
2022-12-16,408.08,21.14,7.27,0
2022-12-17,418.58,21.56,3.42,1
2022-12-18,422.67,23.95,8.54,1
2022-12-19,432.83,25.43,1.65,0
2022-12-20,405.46,23.16,6.19,0
2022-12-21,420.36,23.9,4.87,0
2022-12-22,398.82,26.86,1.02,0
2022-12-23,435.13,24.11,6.81,0
2022-12-24,459.76,29.0,3.08,1
2022-12-25,407.78,25.1,6.69,1
2022-12-26,385.12,20.62,2.13,0
2022-12-27,378.94,25.82,9.11,0
2022-12-28,380.44,25.25,14.72,0
2022-12-29,430.73,27.24,1.65,0
2022-12-30,449.33,26.17,2.13,0
2022-12-31,447.02,24.72,1.38,1
2023-01-01,428.68,22.72,4.22,1
2023-01-02,394.37,24.93,6.62,0
2023-01-03,390.35,23.82,8.18,0
2023-01-04,399.23,24.53,6.1,0
2023-01-05,408.58,27.04,8.0,0
2023-01-06,432.11,29.37,4.74,0
2023-01-07,444.72,26.99,3.05,1
2023-01-08,430.46,23.98,2.18,1
2023-01-09,418.41,27.43,4.34,0
2023-01-10,443.09,29.11,2.23,0
2023-01-11,410.65,25.66,6.47,0
2023-01-12,405.45,26.78,2.27,0
2023-01-13,430.08,27.25,3.34,0
2023-01-14,426.49,25.82,10.42,1
2023-01-15,418.35,28.85,11.1,1
2023-01-16,406.78,27.48,10.87,0
2023-01-17,442.98,28.72,4.8,0
2023-01-18,408.01,26.27,3.16,0
2023-01-19,403.65,27.34,7.2,0
2023-01-20,439.6,29.82,2.31,0
2023-01-21,451.38,27.79,8.46,1
2023-01-22,502.08,32.15,2.91,1
2023-01-23,441.77,28.06,4.2,0
2023-01-24,446.41,29.46,8.59,0
2023-01-25,458.9,31.04,0.74,0
2023-01-26,416.13,26.49,3.02,0
2023-01-27,426.43,25.96,6.58,0
2023-01-28,436.39,26.58,7.62,1
2023-01-29,473.69,32.31,6.76,1
2023-01-30,421.66,28.83,4.16,0
2023-01-31,464.61,35.2,9.2,0
2023-02-01,439.49,29.11,2.11,0
2023-02-02,453.16,30.75,2.03,0
2023-02-03,453.71,33.61,6.53,0
2023-02-04,485.45,34.68,1.89,1
2023-02-05,471.83,34.93,15.05,1
2023-02-06,454.53,33.36,3.1,0
2023-02-07,423.67,33.13,9.08,0
2023-02-08,430.74,32.41,1.59,0
2023-02-09,441.33,32.91,13.0,0
2023-02-10,435.1,30.38,5.06,0
2023-02-11,437.91,29.98,3.03,1
2023-02-12,472.43,31.74,3.93,1
2023-02-13,451.0,31.53,2.62,0
2023-02-14,439.57,31.09,4.19,0
2023-02-15,467.88,33.51,1.69,0
2023-02-16,484.24,34.15,3.11,0
2023-02-17,464.0,32.53,8.96,0
2023-02-18,487.57,35.42,5.86,1
2023-02-19,466.08,30.3,2.07,1
2023-02-20,455.29,32.31,4.31,0
2023-02-21,439.1,31.37,11.19,0
2023-02-22,435.01,29.18,3.42,0
2023-02-23,463.11,32.85,1.88,0
2023-02-24,425.9,32.87,7.43,0
2023-02-25,501.58,36.24,0.42,1
2023-02-26,492.02,34.57,4.0,1
2023-02-27,425.73,31.36,11.85,0
2023-02-28,476.18,37.21,4.21,0
2023-03-01,444.31,36.03,9.58,0
2023-03-02,451.74,34.84,1.85,0
2023-03-03,461.53,33.31,4.08,0
2023-03-04,461.11,31.92,3.78,1
2023-03-05,444.94,33.18,7.14,1
2023-03-06,453.66,36.17,5.27,0
2023-03-07,448.86,37.84,12.92,0
2023-03-08,491.22,37.23,3.27,0
2023-03-09,458.41,33.23,5.22,0
2023-03-10,439.32,32.04,3.89,0
2023-03-11,474.41,34.62,4.94,1
2023-03-12,484.79,30.86,4.6,1
2023-03-13,484.97,35.1,2.29,0
2023-03-14,437.06,34.22,8.62,0
2023-03-15,479.93,33.63,2.84,0
2023-03-16,450.57,31.42,2.66,0
2023-03-17,488.25,35.68,1.09,0
2023-03-18,479.35,33.64,3.19,1
2023-03-19,494.19,32.4,2.8,1
2023-03-20,426.68,29.03,0.55,0
2023-03-21,461.61,34.76,4.18,0
2023-03-22,485.11,38.39,12.54,0
2023-03-23,452.46,38.2,1.31,0
2023-03-24,459.5,33.99,4.87,0
2023-03-25,474.49,33.72,4.1,1
2023-03-26,493.99,35.88,7.84,1
2023-03-27,464.36,32.96,8.25,0
2023-03-28,451.14,35.58,18.85,0
2023-03-29,474.17,36.52,6.01,0
2023-03-30,482.86,37.45,2.49,0
2023-03-31,462.62,34.8,3.11,0
2023-04-01,489.34,34.59,3.39,1
2023-04-02,502.3,33.24,2.9,1
2023-04-03,425.01,33.34,14.62,0
2023-04-04,450.7,34.54,7.98,0
2023-04-05,463.24,35.71,7.1,0
2023-04-06,495.13,36.79,1.93,0
2023-04-07,453.69,33.34,8.19,0
2023-04-08,503.1,37.92,10.62,1
2023-04-09,499.04,34.37,4.16,1
2023-04-10,476.93,34.84,3.08,0
2023-04-11,424.59,33.37,13.14,0
2023-04-12,469.32,29.98,2.75,0
2023-04-13,498.99,36.56,2.51,0
2023-04-14,477.82,36.23,2.15,0
2023-04-15,460.69,34.16,4.69,1
2023-04-16,458.66,34.81,6.0,1
2023-04-17,462.82,35.67,9.66,0
2023-04-18,432.12,31.46,7.33,0
2023-04-19,427.14,33.48,7.25,0
2023-04-20,433.22,36.07,11.73,0
2023-04-21,448.43,31.92,2.06,0
2023-04-22,495.24,34.96,1.23,1
2023-04-23,483.88,31.59,7.59,1
2023-04-24,474.11,35.18,4.52,0
2023-04-25,445.43,34.1,9.69,0
2023-04-26,450.38,30.88,4.85,0
2023-04-27,480.18,36.36,2.99,0
2023-04-28,458.21,32.49,7.66,0
2023-04-29,470.06,32.26,5.32,1
2023-04-30,496.84,34.2,4.85,1
2023-05-01,450.18,36.01,21.13,0
2023-05-02,436.98,31.6,11.13,0
2023-05-03,449.84,33.67,8.35,0
2023-05-04,474.46,34.31,5.45,0
2023-05-05,452.82,34.75,5.1,0
2023-05-06,457.65,33.62,3.91,1
2023-05-07,447.75,32.43,5.86,1
2023-05-08,438.43,31.41,3.34,0
2023-05-09,472.24,33.13,1.66,0
2023-05-10,437.6,30.71,4.81,0
2023-05-11,425.17,26.91,6.21,0
2023-05-12,440.73,33.51,9.7,0
2023-05-13,479.32,34.33,2.52,1
2023-05-14,432.78,27.69,5.13,1
2023-05-15,435.42,30.28,7.29,0
2023-05-16,450.09,33.42,7.18,0
2023-05-17,458.76,36.17,14.14,0
2023-05-18,456.24,31.97,3.98,0
2023-05-19,444.13,30.35,2.33,0
2023-05-20,443.21,31.31,5.39,1
2023-05-21,499.28,34.3,4.14,1
2023-05-22,442.2,30.13,3.58,0
2023-05-23,443.24,29.69,3.2,0
2023-05-24,462.48,30.19,6.23,0
2023-05-25,453.49,29.11,2.84,0
2023-05-26,445.61,31.12,8.35,0
2023-05-27,473.74,33.99,8.08,1
2023-05-28,462.75,31.24,6.64,1
2023-05-29,449.23,29.95,2.05,0
2023-05-30,442.66,29.72,6.03,0
2023-05-31,440.56,27.03,10.14,0
2023-06-01,478.46,31.78,8.76,0
2023-06-02,437.01,29.71,7.94,0
2023-06-03,424.3,29.35,5.08,1
2023-06-04,475.64,35.95,4.91,1
2023-06-05,454.68,30.0,11.25,0
2023-06-06,437.19,27.75,6.16,0
2023-06-07,435.16,28.24,6.22,0
2023-06-08,403.54,31.23,25.06,0
2023-06-09,419.37,29.0,3.91,0
2023-06-10,472.89,25.74,0.49,1
2023-06-11,450.39,30.29,4.37,1
2023-06-12,436.59,26.96,4.57,0
2023-06-13,427.69,31.88,6.09,0
2023-06-14,433.15,30.13,7.13,0
2023-06-15,448.21,26.91,0.61,0
2023-06-16,432.78,30.2,7.23,0
2023-06-17,442.94,27.61,4.78,1
2023-06-18,457.1,29.01,4.05,1
2023-06-19,418.45,28.1,1.02,0
2023-06-20,377.88,25.27,12.82,0
2023-06-21,431.18,25.51,3.55,0
2023-06-22,421.08,28.69,8.01,0
2023-06-23,434.56,25.79,2.49,0
2023-06-24,451.6,25.48,6.29,1
2023-06-25,450.81,24.21,4.1,1
2023-06-26,393.96,26.79,7.85,0
2023-06-27,431.04,29.9,3.99,0
2023-06-28,420.62,23.47,2.39,0
2023-06-29,425.8,25.48,4.95,0
2023-06-30,464.63,28.08,4.76,0
2023-07-01,419.03,24.93,5.99,1
2023-07-02,447.62,25.82,9.5,1
2023-07-03,414.8,22.62,1.93,0
2023-07-04,384.18,25.43,9.18,0
2023-07-05,408.56,24.02,1.67,0
2023-07-06,419.65,26.2,7.64,0
2023-07-07,390.97,26.43,7.8,0
2023-07-08,427.41,29.06,3.4,1
2023-07-09,412.74,24.87,2.6,1
2023-07-10,419.89,24.19,2.48,0
2023-07-11,400.94,23.76,5.3,0
2023-07-12,386.87,22.5,8.15,0
2023-07-13,400.82,23.71,4.47,0
2023-07-14,389.17,22.27,0.42,0
2023-07-15,421.89,23.03,3.22,1
2023-07-16,412.27,25.16,3.12,1
2023-07-17,405.37,20.35,7.1,0
2023-07-18,433.07,24.48,7.35,0
2023-07-19,377.25,24.67,5.6,0
2023-07-20,382.75,21.63,9.19,0
2023-07-21,361.95,17.46,9.65,0
2023-07-22,412.28,20.33,3.37,1
2023-07-23,450.04,23.98,2.43,1
2023-07-24,389.47,21.18,4.71,0
2023-07-25,382.82,19.07,5.59,0
2023-07-26,437.69,19.9,3.24,0
2023-07-27,352.71,22.43,28.89,0
2023-07-28,410.27,21.69,12.33,0
2023-07-29,421.35,19.96,3.0,1
2023-07-30,405.45,19.55,2.01,1
2023-07-31,380.36,19.35,2.8,0
2023-08-01,371.08,18.14,9.76,0
2023-08-02,378.61,23.07,9.92,0
2023-08-03,357.42,19.05,12.43,0
2023-08-04,398.82,21.98,2.37,0
2023-08-05,422.48,22.45,7.08,1
2023-08-06,448.55,21.26,2.57,1
2023-08-07,355.65,18.26,14.18,0
2023-08-08,400.99,19.79,2.44,0
2023-08-09,366.36,18.8,1.61,0
2023-08-10,396.61,16.9,1.91,0
2023-08-11,360.39,19.23,4.96,0
2023-08-12,396.28,16.09,8.07,1
2023-08-13,406.82,20.69,7.72,1
2023-08-14,380.54,17.26,1.98,0
2023-08-15,380.47,18.47,3.69,0
2023-08-16,366.41,18.51,3.31,0
2023-08-17,364.34,17.31,1.73,0
2023-08-18,400.44,18.88,3.25,0
2023-08-19,379.19,16.64,12.09,1
2023-08-20,408.44,19.22,1.51,1
2023-08-21,368.27,14.67,5.86,0
2023-08-22,364.5,17.5,12.27,0
2023-08-23,369.49,21.02,11.86,0
2023-08-24,382.89,15.04,14.61,0
2023-08-25,376.45,15.58,6.28,0
2023-08-26,397.34,17.86,6.94,1
2023-08-27,391.18,17.1,3.3,1
2023-08-28,398.04,17.34,1.48,0
2023-08-29,366.89,17.53,4.47,0
2023-08-30,354.43,17.73,10.56,0
2023-08-31,417.52,18.59,0.41,0
2023-09-01,379.13,17.1,3.42,0
2023-09-02,372.31,15.72,7.41,1
2023-09-03,397.38,17.46,5.01,1
2023-09-04,389.09,19.84,11.44,0
2023-09-05,368.12,15.7,9.85,0
2023-09-06,381.74,13.94,1.3,0
2023-09-07,360.79,18.04,5.33,0
2023-09-08,386.47,15.52,2.68,0
2023-09-09,368.76,11.35,2.65,1
2023-09-10,405.15,17.33,1.41,1
2023-09-11,378.67,14.5,5.99,0
2023-09-12,364.03,15.34,11.59,0
2023-09-13,373.15,16.13,6.38,0
2023-09-14,346.57,15.79,1.32,0
2023-09-15,373.63,16.78,4.8,0
2023-09-16,366.05,14.45,7.21,1
2023-09-17,403.12,16.31,4.54,1
2023-09-18,375.88,14.72,6.29,0
2023-09-19,373.14,16.68,2.87,0
2023-09-20,363.72,16.4,4.14,0
2023-09-21,381.8,13.27,3.94,0
2023-09-22,351.38,17.29,13.0,0
2023-09-23,368.12,14.02,2.02,1
2023-09-24,389.95,16.68,0.49,1
2023-09-25,345.66,15.78,12.46,0
2023-09-26,369.7,18.71,5.46,0
2023-09-27,382.26,14.57,1.65,0
2023-09-28,320.03,14.31,9.28,0
2023-09-29,346.55,14.97,7.52,0
2023-09-30,362.48,14.39,14.39,1
2023-10-01,394.59,16.6,5.78,1
2023-10-02,341.9,11.77,21.16,0
2023-10-03,378.54,12.9,4.57,0
2023-10-04,325.33,12.88,7.53,0
2023-10-05,339.43,16.93,8.29,0
2023-10-06,385.62,18.46,3.53,0
2023-10-07,377.26,14.85,3.44,1
2023-10-08,359.0,14.74,8.41,1
2023-10-09,373.42,15.24,1.51,0
2023-10-10,385.39,17.45,2.66,0
2023-10-11,344.97,13.3,4.47,0
2023-10-12,340.76,15.66,14.1,0
2023-10-13,357.6,17.17,8.41,0
2023-10-14,384.53,16.26,5.3,1
2023-10-15,399.98,15.68,3.27,1
2023-10-16,334.93,17.34,17.81,0
2023-10-17,330.74,9.98,4.78,0
2023-10-18,372.66,16.79,2.66,0
2023-10-19,330.76,14.18,20.02,0
2023-10-20,360.39,11.88,1.58,0
2023-10-21,410.09,16.62,11.83,1
2023-10-22,410.51,18.41,5.06,1
2023-10-23,369.39,15.45,8.4,0
2023-10-24,369.7,17.7,7.39,0
2023-10-25,364.09,19.08,8.32,0
2023-10-26,342.5,18.56,21.19,0
2023-10-27,347.49,19.28,19.14,0
2023-10-28,408.14,17.56,2.78,1
2023-10-29,362.4,16.31,7.19,1
2023-10-30,372.29,13.04,0.89,0
2023-10-31,359.52,15.83,8.94,0
2023-11-01,363.83,14.73,10.4,0
2023-11-02,392.36,20.84,0.5,0
2023-11-03,357.86,16.24,4.92,0
2023-11-04,381.8,16.93,8.39,1
2023-11-05,390.01,17.89,6.49,1
2023-11-06,393.73,16.97,1.61,0
2023-11-07,410.25,20.38,1.79,0
2023-11-08,398.84,15.85,4.48,0
2023-11-09,373.44,17.59,3.53,0
2023-11-10,321.27,15.82,3.81,0
2023-11-11,384.95,14.78,1.4,1
2023-11-12,394.75,16.31,5.12,1
2023-11-13,370.24,17.57,14.17,0
2023-11-14,385.71,16.9,1.68,0
2023-11-15,366.66,16.5,4.2,0
2023-11-16,386.17,15.19,7.75,0
2023-11-17,372.17,17.96,1.07,0
2023-11-18,381.79,15.25,5.16,1
2023-11-19,382.94,19.9,10.19,1
2023-11-20,389.58,18.68,2.05,0
2023-11-21,391.4,15.73,5.55,0
2023-11-22,369.3,18.16,9.69,0
2023-11-23,344.06,17.41,20.49,0
2023-11-24,362.35,19.69,5.33,0
2023-11-25,419.63,21.87,2.71,1
2023-11-26,409.7,15.58,2.73,1
2023-11-27,392.15,19.71,1.31,0
2023-11-28,361.87,19.3,14.93,0
2023-11-29,403.54,21.11,9.29,0
2023-11-30,393.41,20.34,1.79,0
2023-12-01,407.01,18.56,2.58,0
2023-12-02,388.07,19.57,5.27,1
2023-12-03,403.76,18.77,10.14,1
2023-12-04,423.63,22.67,7.21,0
2023-12-05,405.26,20.71,6.72,0
2023-12-06,383.5,24.63,5.82,0
2023-12-07,390.97,20.86,1.89,0
2023-12-08,384.36,19.73,5.32,0
2023-12-09,416.83,18.28,4.85,1
2023-12-10,386.72,17.86,1.29,1
2023-12-11,347.63,18.46,14.68,0
2023-12-12,381.44,22.32,3.05,0
2023-12-13,399.79,22.97,1.33,0
2023-12-14,369.0,18.95,3.49,0
2023-12-15,436.19,24.07,4.07,0
2023-12-16,408.22,21.48,4.74,1
2023-12-17,436.87,22.91,4.01,1
2023-12-18,420.41,26.01,4.94,0
2023-12-19,412.57,24.74,5.6,0
2023-12-20,393.25,22.58,5.39,0
2023-12-21,405.71,21.5,6.68,0
2023-12-22,384.14,19.15,6.97,0
2023-12-23,418.2,22.19,7.1,1
2023-12-24,411.2,23.38,8.39,1
2023-12-25,397.99,21.99,2.77,0
2023-12-26,422.51,23.88,2.86,0
2023-12-27,405.44,24.47,10.17,0
2023-12-28,414.86,24.03,3.58,0
2023-12-29,396.4,23.36,4.53,0
2023-12-30,466.54,25.17,4.23,1
2023-12-31,402.21,25.88,20.01,1
